[
{
  "model": "productsapp.product",
  "pk": 16,
  "fields": {
    "name": "sdasdasda",
    "description": "dasdasd",
    "category": "other",
    "balance": 3,
    "price": "123.32"
  }
},
{
  "model": "productsapp.product",
  "pk": 19,
  "fields": {
    "name": "sdfssdsds",
    "description": "",
    "category": "other",
    "balance": 1,
    "price": "12.00"
  }
},
{
  "model": "productsapp.product",
  "pk": 21,
  "fields": {
    "name": "something",
    "description": "",
    "category": "other",
    "balance": 20,
    "price": "123.23"
  }
},
{
  "model": "productsapp.product",
  "pk": 22,
  "fields": {
    "name": "another1",
    "description": "another1",
    "category": "other",
    "balance": 10,
    "price": "35.00"
  }
},
{
  "model": "productsapp.product",
  "pk": 23,
  "fields": {
    "name": "another2",
    "description": "another2",
    "category": "other",
    "balance": 20,
    "price": "50.00"
  }
},
{
  "model": "productsapp.product",
  "pk": 24,
  "fields": {
    "name": "another3",
    "description": "another3",
    "category": "other",
    "balance": 29,
    "price": "90.00"
  }
},
{
  "model": "productsapp.product",
  "pk": 25,
  "fields": {
    "name": "drink1",
    "description": "drink1",
    "category": "drinks",
    "balance": 13,
    "price": "15.50"
  }
},
{
  "model": "productsapp.product",
  "pk": 26,
  "fields": {
    "name": "drink2",
    "description": "",
    "category": "drinks",
    "balance": 24,
    "price": "25.60"
  }
},
{
  "model": "productsapp.product",
  "pk": 27,
  "fields": {
    "name": "drink3",
    "description": "drink3",
    "category": "drinks",
    "balance": 36,
    "price": "36.90"
  }
},
{
  "model": "productsapp.product",
  "pk": 28,
  "fields": {
    "name": "food 1",
    "description": "food 1",
    "category": "food",
    "balance": 42,
    "price": "45.00"
  }
},
{
  "model": "productsapp.product",
  "pk": 29,
  "fields": {
    "name": "food 2",
    "description": "",
    "category": "food",
    "balance": 55,
    "price": "55.00"
  }
},
{
  "model": "productsapp.product",
  "pk": 30,
  "fields": {
    "name": "food 3",
    "description": "doof sfsd fad fad fsdf",
    "category": "food",
    "balance": 66,
    "price": "66.00"
  }
},
{
  "model": "productsapp.product",
  "pk": 31,
  "fields": {
    "name": "book1",
    "description": "book1",
    "category": "books",
    "balance": 9,
    "price": "90.00"
  }
},
{
  "model": "productsapp.product",
  "pk": 32,
  "fields": {
    "name": "book 2",
    "description": "book 2",
    "category": "books",
    "balance": 2,
    "price": "100.00"
  }
},
{
  "model": "productsapp.product",
  "pk": 33,
  "fields": {
    "name": "book 3book",
    "description": "book 3",
    "category": "books",
    "balance": 3,
    "price": "110.00"
  }
},
{
  "model": "productsapp.product",
  "pk": 34,
  "fields": {
    "name": "clothes 1",
    "description": "clothes 1",
    "category": "clothes",
    "balance": 9,
    "price": "1300.00"
  }
},
{
  "model": "productsapp.product",
  "pk": 35,
  "fields": {
    "name": "clothes 2",
    "description": "",
    "category": "clothes",
    "balance": 12,
    "price": "1499.00"
  }
},
{
  "model": "productsapp.product",
  "pk": 36,
  "fields": {
    "name": "clothes 3",
    "description": "clothes 3",
    "category": "clothes",
    "balance": 15,
    "price": "1599.99"
  }
},
{
  "model": "productsapp.product",
  "pk": 37,
  "fields": {
    "name": "cola zero",
    "description": "sugar free",
    "category": "drinks",
    "balance": 0,
    "price": "123.12"
  }
},
{
  "model": "productsapp.product",
  "pk": 39,
  "fields": {
    "name": "qqweqweqw",
    "description": "qweqweqw",
    "category": "books",
    "balance": 2,
    "price": "12.00"
  }
},
{
  "model": "productsapp.product",
  "pk": 40,
  "fields": {
    "name": "test one",
    "description": "",
    "category": "books",
    "balance": 1,
    "price": "12.00"
  }
},
{
  "model": "productsapp.order",
  "pk": 16,
  "fields": {
    "customer_name": "naruto",
    "phone_number": "+996702482325",
    "address": "Hidden Leaf Village",
    "created_at": "2022-02-06T10:59:32.815Z"
  }
},
{
  "model": "productsapp.order",
  "pk": 18,
  "fields": {
    "customer_name": "satoru godjo",
    "phone_number": "+996702482325",
    "address": "jujutsu 89",
    "created_at": "2022-02-06T11:10:47.329Z"
  }
},
{
  "model": "productsapp.order",
  "pk": 19,
  "fields": {
    "customer_name": "zenitsu",
    "phone_number": "+996555223344",
    "address": "agatsuma 46",
    "created_at": "2022-02-06T11:43:40.446Z"
  }
},
{
  "model": "productsapp.order",
  "pk": 20,
  "fields": {
    "customer_name": "Tandjiro Camado",
    "phone_number": "+996500669966",
    "address": "Demon Slayer",
    "created_at": "2022-02-06T12:09:13.209Z"
  }
},
{
  "model": "productsapp.orderproduct",
  "pk": 28,
  "fields": {
    "product": 32,
    "order": 18,
    "quantity": 3
  }
},
{
  "model": "productsapp.orderproduct",
  "pk": 29,
  "fields": {
    "product": 40,
    "order": 18,
    "quantity": 1
  }
},
{
  "model": "productsapp.orderproduct",
  "pk": 30,
  "fields": {
    "product": 34,
    "order": 18,
    "quantity": 3
  }
},
{
  "model": "productsapp.orderproduct",
  "pk": 31,
  "fields": {
    "product": 19,
    "order": 19,
    "quantity": 1
  }
},
{
  "model": "productsapp.orderproduct",
  "pk": 32,
  "fields": {
    "product": 21,
    "order": 19,
    "quantity": 3
  }
},
{
  "model": "productsapp.orderproduct",
  "pk": 33,
  "fields": {
    "product": 25,
    "order": 19,
    "quantity": 1
  }
},
{
  "model": "productsapp.orderproduct",
  "pk": 34,
  "fields": {
    "product": 26,
    "order": 19,
    "quantity": 1
  }
},
{
  "model": "productsapp.orderproduct",
  "pk": 35,
  "fields": {
    "product": 35,
    "order": 19,
    "quantity": 1
  }
},
{
  "model": "productsapp.orderproduct",
  "pk": 36,
  "fields": {
    "product": 28,
    "order": 19,
    "quantity": 1
  }
},
{
  "model": "productsapp.orderproduct",
  "pk": 37,
  "fields": {
    "product": 32,
    "order": 20,
    "quantity": 3
  }
},
{
  "model": "productsapp.orderproduct",
  "pk": 38,
  "fields": {
    "product": 35,
    "order": 20,
    "quantity": 1
  }
},
{
  "model": "productsapp.orderproduct",
  "pk": 39,
  "fields": {
    "product": 34,
    "order": 20,
    "quantity": 1
  }
},
{
  "model": "productsapp.orderproduct",
  "pk": 40,
  "fields": {
    "product": 28,
    "order": 20,
    "quantity": 2
  }
},
{
  "model": "productsapp.orderproduct",
  "pk": 41,
  "fields": {
    "product": 25,
    "order": 20,
    "quantity": 1
  }
},
{
  "model": "productsapp.orderproduct",
  "pk": 42,
  "fields": {
    "product": 24,
    "order": 20,
    "quantity": 1
  }
}
]
